Time (%),Total Time (ns),Num Calls,Avg (ns),Med (ns),Min (ns),Max (ns),StdDev (ns),Name
39.3,1022346960,2461,415419.3,1648.0,640,10911168,1197755.2,cudaEventSynchronize
27.4,712747034,362,1968914.5,1744916.0,1577748,6542346,649568.7,cudaGraphLaunch_v10000
25.4,659912182,153439,4300.8,4036.0,3356,1716616,4606.4,cudaLaunchKernel
3.2,83498935,21796,3830.9,3601.0,3033,58815,1172.4,cuLaunchKernel
1.3,34724648,4478,7754.5,5636.0,2857,524332,10963.1,cudaMemcpyAsync
1.3,34658824,5921,5853.5,4736.0,3599,1894209,24837.0,cuLaunchKernelEx
0.4,10921301,153439,71.2,62.0,52,8260,62.9,cuKernelGetName
0.3,8007976,3403,2353.2,752.0,378,748937,30656.5,cudaEventCreateWithFlags
0.3,7564325,13301,568.7,416.0,366,39754,786.0,cudaStreamWaitEvent
0.3,6838447,21796,313.7,277.0,227,13014,201.9,cuKernelGetFunction
0.2,5878251,3467,1695.5,1070.0,507,1100956,18859.6,cudaEventRecordWithFlags_v11010
0.2,5579334,3403,1639.5,566.0,263,684988,20879.7,cudaEventDestroy
0.2,4696301,18290,256.8,212.0,180,31830,379.2,cudaStreamIsCapturing_v10000
0.2,4131640,4970,831.3,638.0,346,37212,885.9,cudaEventQuery
0.0,1066596,4,266649.0,183550.0,146600,552896,192312.3,cudaMalloc
0.0,119537,1,119537.0,119537.0,119537,119537,0.0,cudaDeviceSynchronize
0.0,17354,3,5784.7,917.0,755,15682,8571.7,cudaStreamSynchronize
0.0,5991,1,5991.0,5991.0,5991,5991,0.0,cuProfilerStart
