DevId,Count,QCount,TAvg (ns),TMed (ns),TMin (ns),TMax (ns),TStdDev (ns),AAvg (ns),AMed (ns),AMin (ns),AMax (ns),AStdDev (ns),QAvg (ns),QMed (ns),QMin (ns),QMax (ns),QStdDev (ns),KAvg (ns),KMed (ns),KMin (ns),KMax (ns),KStdDev (ns),API Name,Kernel Name
0,362,362,9241320.6,7946788.0,6482414,17833692,2313884.9,1752888.6,1545719.0,1477828,7932518,649887.3,7486139.7,6244061.5,4905450,16330762,2328043.2,2292.3,2272.0,2112,2592,70.8,cudaGraphLaunch_v10000,"std::enable_if<!T7, void>::type internal::gemvx::kernel<int, int, __nv_bfloat16, __nv_bfloat16, __nv_bfloat16, float, (bool)0, (bool)1, (bool)1, (bool)0, (int)7, (bool)0, cublasGemvParamsEx<int, cublasGemvTensorStridedBatched<const __nv_bfloat16>, cublasGemvTensorStridedBatched<const __nv_bfloat16>, cublasGemvTensorStridedBatched<__nv_bfloat16>, float>>(T13)"
0,362,362,9238612.2,7944132.5,6479758,17831036,2313870.1,1752888.6,1545719.0,1477828,7932518,649887.3,7484702.4,6242653.5,4904042,16329322,2328042.2,1021.2,1024.0,960,1248,34.1,cudaGraphLaunch_v10000,"void at::native::elementwise_kernel<(int)128, (int)4, void at::native::gpu_kernel_impl_nocast<at::native::direct_copy_kernel_cuda(at::TensorIteratorBase &)::[lambda() (instance 3)]::operator ()() const::[lambda() (instance 12)]::operator ()() const::[lambda(c10::BFloat16) (instance 1)]>(at::TensorIteratorBase &, const T1 &)::[lambda(int) (instance 1)]>(int, T3)"
0,362,362,7174626.5,5893846.5,3862837,16046576,2335625.1,4869.1,4692.5,4285,11087,723.7,7168512.6,5887934.0,3856826,16040460,2335737.4,1244.8,1280.0,1023,1440,97.1,cudaLaunchKernel,"void at::native::vectorized_elementwise_kernel<(int)4, at::native::sigmoid_kernel_cuda(at::TensorIteratorBase &)::[lambda() (instance 2)]::operator ()() const::[lambda() (instance 2)]::operator ()() const::[lambda(float) (instance 1)], std::array<char *, (unsigned long)2>>(int, T2, T3)"
0,17738,17703,6354687.3,6089502.0,1512303,17824188,2906170.7,1752888.6,1545719.0,1477828,7932518,649007.3,4610053.8,4328910.0,999,16322698,2910336.7,843.0,832.0,736,1664,57.1,cudaGraphLaunch_v10000,"void at::native::vectorized_elementwise_kernel<(int)4, at::native::rsqrt_kernel_cuda(at::TensorIteratorBase &)::[lambda() (instance 2)]::operator ()() const::[lambda() (instance 2)]::operator ()() const::[lambda(float) (instance 1)], std::array<char *, (unsigned long)2>>(int, T2, T3)"
0,17738,17702,6353426.8,6088254.0,1512303,17822972,2906173.7,1752888.6,1545719.0,1477828,7932518,649007.3,4609072.1,4328363.5,2788,16321482,2910214.2,822.0,832.0,736,1248,27.0,cudaGraphLaunch_v10000,"void at::native::vectorized_elementwise_kernel<(int)4, at::native::CUDAFunctorOnSelf_add<float>, std::array<char *, (unsigned long)2>>(int, T2, T3)"
0,17738,17701,6352185.1,6087033.0,1512303,17821724,2906171.8,1752888.6,1545719.0,1477828,7932518,649007.3,4605780.9,4325129.0,1675,16317547,2910054.5,3128.5,3552.0,1568,4543,699.1,cudaGraphLaunch_v10000,"void at::native::reduce_kernel<(int)512, (int)1, at::native::ReduceOp<float, at::native::MeanOps<float, float, float, float>, unsigned int, float, (int)4, (int)4>>(T3)"
0,17738,17701,6348644.6,6083261.5,1512303,17817789,2906136.7,1752888.6,1545719.0,1477828,7932518,649007.3,4604537.0,4323906.0,427,16316299,2910054.7,825.4,832.0,767,4160,31.6,cudaGraphLaunch_v10000,"void at::native::vectorized_elementwise_kernel<(int)4, void at::native::<unnamed>::pow_tensor_scalar_kernel_impl<float, float>(at::TensorIteratorBase &, T2)::[lambda(float) (instance 1)], std::array<char *, (unsigned long)2>>(int, T2, T3)"
0,18100,18053,6293589.3,6039104.5,1487790,17825628,2928462.6,1752888.6,1545719.0,1477828,7932518,649007.0,4551367.1,4295405.0,2343,16323914,2931459.1,1155.1,1152.0,960,1888,44.4,cudaGraphLaunch_v10000,"void at::native::elementwise_kernel<(int)128, (int)2, void at::native::gpu_kernel_impl_nocast<at::native::BinaryFunctor<float, float, float, at::native::binary_internal::MulFunctor<float>>>(at::TensorIteratorBase &, const T1 &)::[lambda(int) (instance 1)]>(int, T3)"
0,8688,8670,6292651.9,6015457.5,1512303,17757086,2886619.0,1752888.6,1545719.0,1477828,7932518,649026.4,4548328.8,4265661.5,37854,16255564,2890686.0,859.6,864.0,800,1088,26.7,cudaGraphLaunch_v10000,"void at::native::vectorized_elementwise_kernel<(int)4, at::native::BinaryFunctor<c10::BFloat16, c10::BFloat16, c10::BFloat16, at::native::binary_internal::MulFunctor<float>>, std::array<char *, (unsigned long)3>>(int, T2, T3)"
0,8688,8670,6291377.3,6014145.5,1512303,17755838,2886614.5,1752888.6,1545719.0,1477828,7932518,649026.4,4546834.8,4264189.5,36190,16254092,2890685.3,1076.4,1088.0,1024,1440,22.0,cudaGraphLaunch_v10000,"void at::native::vectorized_elementwise_kernel<(int)4, at::native::<unnamed>::silu_kernel(at::TensorIteratorBase &)::[lambda() (instance 1)]::operator ()() const::[lambda() (instance 6)]::operator ()() const::[lambda(c10::BFloat16) (instance 1)], std::array<char *, (unsigned long)2>>(int, T2, T3)"
0,18100,18050,6284874.4,6030126.5,1485934,17816573,2928274.2,1752888.6,1545719.0,1477828,7932518,649007.0,4542571.6,4286027.5,1019,16314187,2930936.4,1967.8,1984.0,1023,2431,117.0,cudaGraphLaunch_v10000,"void at::native::unrolled_elementwise_kernel<at::native::direct_copy_kernel_cuda(at::TensorIteratorBase &)::[lambda() (instance 3)]::operator ()() const::[lambda() (instance 7)]::operator ()() const::[lambda(float) (instance 1)], std::array<char *, (unsigned long)2>, (int)4, TrivialOffsetCalculator<(int)1, unsigned int>, TrivialOffsetCalculator<(int)1, unsigned int>, at::native::memory::LoadWithCast<(int)1>, at::native::memory::StoreWithCast<(int)1>>(int, T1, T2, T4, T5, T6, T7)"
0,18462,18403,6234783.8,5978935.5,1492910,17826812,2948260.9,1752888.6,1545719.0,1477828,7932518,649006.6,4495477.4,4230366.0,4007,16325386,2950278.7,786.8,768.0,704,1120,33.8,cudaGraphLaunch_v10000,"void at::native::vectorized_elementwise_kernel<(int)4, at::native::bfloat16_copy_kernel_cuda(at::TensorIteratorBase &)::[lambda(float) (instance 1)], std::array<char *, (unsigned long)2>>(int, T2, T3)"
0,34752,34670,6233013.6,5968812.0,1512303,17814429,2887490.6,1752888.6,1545719.0,1477828,7932518,648998.4,4489888.2,4212742.5,6878,16312907,2891042.9,833.0,800.0,704,1440,92.8,cudaGraphLaunch_v10000,"void at::native::vectorized_elementwise_kernel<(int)4, at::native::CUDAFunctor_add<c10::BFloat16>, std::array<char *, (unsigned long)3>>(int, T2, T3)"
0,52490,52360,6227895.1,5966290.0,1512303,17829308,2894637.1,1752888.6,1545719.0,1477828,7932518,648995.2,4484311.7,4209329.5,4574,16326538,2897951.6,1805.4,1696.0,1439,3904,325.7,cudaGraphLaunch_v10000,"void at::native::elementwise_kernel<(int)128, (int)4, void at::native::gpu_kernel_impl_nocast<at::native::BinaryFunctor<c10::BFloat16, c10::BFloat16, c10::BFloat16, at::native::binary_internal::MulFunctor<float>>>(at::TensorIteratorBase &, const T1 &)::[lambda(int) (instance 1)]>(int, T3)"
0,60816,60662,6219679.1,5950858.5,1512303,17797533,2887484.4,1752888.6,1545719.0,1477828,7932518,648994.4,4460621.4,4177810.0,2732,16262508,2890656.0,17506.8,14656.0,14207,35199,6922.2,cudaGraphLaunch_v10000,"void cutlass::device_kernel<at::cuda::detail::enable_3x_kernel_for_sm10_or_later<cutlass::gemm::kernel::GemmUniversal<cute::tuple<int, int, int>, cutlass::gemm::collective::CollectiveMma<cutlass::gemm::MainloopSm120TmaWarpSpecialized<(int)3, (int)2, cute::tuple<cute::C<(int)1>, cute::C<(int)1>, cute::C<(int)1>>, cutlass::gemm::KernelTmaWarpSpecializedPingpongSm120<(int)2>>, cute::tuple<cute::C<(int)64>, cute::C<(int)128>, cute::C<(int)128>>, cutlass::float_e4m3_t, cute::tuple<long, cute::C<(int)1>, long>, cutlass::float_e4m3_t, cute::tuple<long, cute::C<(int)1>, long>, cute::TiledMMA<cute::MMA_Atom<cute::SM120_16x8x32_TN<cutlass::float_e4m3_t, cutlass::float_e4m3_t, float>>, cute::Layout<cute::tuple<cute::C<(int)2>, cute::C<(int)2>, cute::C<(int)1>>, cute::tuple<cute::C<(int)1>, cute::C<(int)2>, cute::C<(int)0>>>, cute::tuple<cute::C<(int)64>, cute::C<(int)32>, cute::C<(int)32>>>, cute::SM90_TMA_LOAD, cute::ComposedLayout<cute::Swizzle<(int)3, (int)4, (int)3>, cute::smem_ptr_flag_bits<(int)8>, cute::Layout<cute::tuple<cute::C<(int)8>, cute::C<(int)128>>, cute::tuple<cute::C<(int)128>, cute::C<(int)1>>>>, cute::Copy_Atom<cute::SM75_U32x4_LDSM_N, unsigned char>, cute::identity, cute::SM90_TMA_LOAD, cute::ComposedLayout<cute::Swizzle<(int)3, (int)4, (int)3>, cute::smem_ptr_flag_bits<(int)8>, cute::Layout<cute::tuple<cute::C<(int)8>, cute::C<(int)128>>, cute::tuple<cute::C<(int)128>, cute::C<(int)1>>>>, cute::Copy_Atom<cute::SM75_U32x4_LDSM_N, unsigned char>, cute::identity>, cutlass::epilogue::collective::CollectiveEpilogue<cutlass::epilogue::Sm90TmaWarpSpecialized<(int)2, (int)2, (int)4, (bool)0, (bool)1>, cute::tuple<cute::C<(int)64>, cute::C<(int)128>, cute::C<(int)128>>, cute::tuple<cute::C<(int)64>, cute::C<(int)32>>, void, cute::tuple<long, cute::C<(int)1>, long>, cutlass::bfloat16_t, cute::tuple<long, cute::C<(int)1>, long>, cutlass::epilogue::fusion::Sm90TreeVisitor<cutlass::epilogue::fusion::Sm90Compute<cutlass::epilogue::thread::Identity, cutlass::bfloat16_t, float, (cutlass::FloatRoundStyle)2, void>, cutlass::epilogue::fusion::Sm90TreeVisitor<cutlass::epilogue::fusion::Sm90Compute<cutlass::plus, float, float, (cutlass::FloatRoundStyle)2, void>, cutlass::epilogue::fusion::Sm90RowBroadcast<(int)0, cute::tuple<cute::C<(int)64>, cute::C<(int)128>, cute::C<(int)128>>, float, float, cute::tuple<cute::C<(int)0>, cute::C<(int)1>, cute::C<(int)0>>, (int)4, (bool)1>, cutlass::epilogue::fusion::Sm90TreeVisitor<cutlass::epilogue::fusion::Sm90Compute<cutlass::multiplies, float, float, (cutlass::FloatRoundStyle)2, void>, cutlass::epilogue::fusion::Sm90RowBroadcast<(int)0, cute::tuple<cute::C<(int)64>, cute::C<(int)128>, cute::C<(int)128>>, float, float, cute::tuple<cute::C<(int)0>, cute::C<(int)1>, cute::C<(int)0>>, (int)4, (bool)1>, cutlass::epilogue::fusion::Sm90TreeVisitor<cutlass::epilogue::fusion::Sm90Compute<cutlass::multiplies, float, float, (cutlass::FloatRoundStyle)2, void>, cutlass::epilogue::fusion::Sm90ColBroadcast<(int)0, cute::tuple<cute::C<(int)64>, cute::C<(int)128>, cute::C<(int)128>>, float, float, cute::tuple<cute::C<(int)1>, cute::C<(int)0>, cute::C<(int)0>>, (int)4, (bool)1>, cutlass::epilogue::fusion::Sm90AccFetch>>>>, cute::SM90_TMA_LOAD, cute::ComposedLayout<cute::Swizzle<(int)2, (int)4, (int)3>, cute::smem_ptr_flag_bits<(int)16>, cute::Layout<cute::tuple<cute::C<(int)8>, cute::C<(int)32>>, cute::tuple<cute::C<(int)32>, cute::C<(int)1>>>>, cute::SM75_U32x2_LDSM_N, cute::SM90_TMA_STORE, cute::ComposedLayout<cute::Swizzle<(int)2, (int)4, (int)3>, cute::smem_ptr_flag_bits<(int)16>, cute::Layout<cute::tuple<cute::C<(int)8>, cute::C<(int)32>>, cute::tuple<cute::C<(int)32>, cute::C<(int)1>>>>, cute::SM90_U32x2_STSM_N, cute::Copy_Atom<cute::SM90_U32x2_STSM_N, cutlass::half_t>, void>, void, void>>>(T1::Params)"
0,34752,34666,6219481.6,5946708.5,1499854,17761726,2887284.6,1752888.6,1545719.0,1477828,7932518,648998.4,4474706.5,4188370.0,6839,16256844,2890718.2,2967.6,2976.0,1215,4416,752.2,cudaGraphLaunch_v10000,quantize_rows
0,8688,8666,6218515.1,5941231.0,1512303,17682335,2886404.0,1752888.6,1545719.0,1477828,7932518,649026.4,4435114.3,4153054.5,8661,16141006,2889780.1,41834.5,46143.0,28127,60606,8312.9,cudaGraphLaunch_v10000,_paged_attention_kernel
0,17376,17332,6174933.5,5896299.5,1512303,17641344,2886405.7,1752888.6,1545719.0,1477828,7932518,649007.7,4429999.8,4148697.0,181,16138254,2889757.5,3271.5,3200.0,2303,6816,969.1,cudaGraphLaunch_v10000,"void at::native::index_elementwise_kernel<(int)128, (int)4, void at::native::gpu_index_kernel<void at::native::index_put_kernel_impl<at::native::OpaqueType<(int)2>>(at::TensorIterator &, c10::ArrayRef<long>, c10::ArrayRef<long>)::[lambda(char *, const char *, long) (instance 1)]>(at::TensorIteratorBase &, c10::ArrayRef<long>, c10::ArrayRef<long>, const T1 &, bool)::[lambda(int) (instance 1)]>(long, T3)"
0,17376,17329,6161382.5,5882729.0,1512303,17630561,2886471.6,1752888.6,1545719.0,1477828,7932518,649007.7,4418898.4,4138162.0,2526,16128335,2889496.4,1552.5,1536.0,1439,2944,80.3,cudaGraphLaunch_v10000,"void at::native::<unnamed>::CatArrayBatchedCopy<at::native::<unnamed>::OpaqueType<(unsigned int)2>, unsigned int, (int)3, (int)64, (int)64>(T1 *, at::native::<unnamed>::CatArrInputTensorMetadata<T1, T2, T4, T5>, at::native::<unnamed>::TensorSizeStride<T2, (unsigned int)4>, int, T2)"
0,17376,17329,6159416.2,5880761.0,1512303,17628609,2886477.3,1752888.6,1545719.0,1477828,7932518,649007.7,4416937.3,4136306.0,478,16126479,2889506.7,1541.9,1600.0,1344,2304,119.6,cudaGraphLaunch_v10000,"void at::native::elementwise_kernel<(int)128, (int)4, void at::native::gpu_kernel_impl_nocast<at::native::neg_kernel_cuda(at::TensorIteratorBase &)::[lambda() (instance 2)]::operator ()() const::[lambda() (instance 9)]::operator ()() const::[lambda(c10::BFloat16) (instance 1)]>(at::TensorIteratorBase &, const T1 &)::[lambda(int) (instance 1)]>(int, T3)"
0,55,55,5536937.3,5083372.0,2146259,12159618,1877953.3,5619.7,5408.0,4910,11715,928.3,5406313.9,4952538.0,2016311,12029550,1878114.7,125003.8,124957.0,124125,125821,368.3,cuLaunchKernel,void cutlass::Kernel2<cutlass_80_wmma_tensorop_bf16_s161616gemm_bf16_32x32_128x2_tn_align8>(T1::Params)
0,2048,2048,5493297.7,5075568.0,94475,12155022,2067604.9,4274.8,3935.5,3386,13904,922.6,5478830.8,5061280.5,82219,12141115,2067519.0,10192.1,9952.0,7648,17312,1277.4,cudaLaunchKernel,"void at::native::reduce_kernel<(int)512, (int)1, at::native::ReduceOp<c10::BFloat16, at::native::ArgMaxOps<float>, unsigned int, long, (int)4, (int)4>>(T3)"
0,292,292,5123248.0,5277047.5,76745,12130583,2213161.7,5253.8,5082.0,4560,10637,729.8,5116889.1,5271041.0,69827,12124588,2213237.5,1105.2,1088.0,1023,1472,81.5,cudaLaunchKernel,"void at::native::<unnamed>::CatArrayBatchedCopy_alignedK_contig<at::native::<unnamed>::OpaqueType<(unsigned int)8>, unsigned int, (int)1, (int)128, (int)1, (int)16>(T1 *, at::native::<unnamed>::CatArrInputTensorMetadata<T1, T2, T4, T5>, at::native::<unnamed>::TensorSizeStride<T2, (unsigned int)4>, int, T2)"
0,237,236,5043378.4,5362044.0,131901,11642616,2263807.8,5551.7,5370.0,4831,12619,813.5,4934874.6,5238490.0,1200,11514406,2246580.5,123776.3,123581.0,121694,127677,1090.7,cuLaunchKernel,void cutlass::Kernel2<cutlass_80_wmma_tensorop_bf16_s161616gemm_bf16_16x16_128x2_tn_align8>(T1::Params)
0,939,932,4467441.7,5523103.0,6413,16126507,3534641.8,5022.4,4639.0,3711,12119,960.2,4494991.1,5518227.0,253,16120226,3526181.0,940.6,928.0,767,1920,102.7,cuLaunchKernelEx,scatter_kernel
0,362,350,3229605.3,1878840.0,1494958,11791742,2311168.3,1752888.6,1545719.0,1477828,7932518,649887.3,1525644.7,11294.0,9018,10289388,2339914.7,1700.1,1695.5,1472,5056,329.1,cudaGraphLaunch_v10000,"void at::native::vectorized_elementwise_kernel<(int)4, at::native::sin_kernel_cuda(at::TensorIteratorBase &)::[lambda() (instance 2)]::operator ()() const::[lambda() (instance 2)]::operator ()() const::[lambda(float) (instance 1)], std::array<char *, (unsigned long)2>>(int, T2, T3)"
0,362,350,3226257.4,1875304.0,1491470,11788414,2311150.7,1752888.6,1545719.0,1477828,7932518,649887.3,1522120.1,7659.0,5737,10285836,2339934.9,1762.4,1792.0,1344,2688,179.4,cudaGraphLaunch_v10000,"void at::native::vectorized_elementwise_kernel<(int)4, at::native::cos_kernel_cuda(at::TensorIteratorBase &)::[lambda() (instance 2)]::operator ()() const::[lambda() (instance 2)]::operator ()() const::[lambda(float) (instance 1)], std::array<char *, (unsigned long)2>>(int, T2, T3)"
0,362,350,3224140.0,1873080.0,1489102,11786078,2311153.6,1752888.6,1545719.0,1477828,7932518,649887.3,1520704.5,6323.5,4219,10284140,2339911.9,988.5,896.0,800,1280,179.9,cudaGraphLaunch_v10000,"void at::native::<unnamed>::CatArrayBatchedCopy_vectorized<at::native::<unnamed>::OpaqueType<(unsigned int)4>, unsigned int, (int)2, (int)128, (int)1, (int)16, (int)4>(char *, at::native::<unnamed>::CatArrInputTensorMetadata<T1, T2, T4, T5>, at::native::<unnamed>::TensorSizeStride<T2, (unsigned int)4>, int, T2)"
0,939,931,2502690.4,142246.0,8343,12097180,3012790.4,6045.7,5805.0,4896,41669,1853.4,2516860.9,139630.0,206,12090148,3016887.0,1231.2,1216.0,832,2016,143.3,cuLaunchKernelEx,gather_kernel
0,85,84,1956161.8,11368.0,9981,6244478,2351287.4,7604.8,7087.0,6137,22736,2275.0,1970023.5,2280.5,460,6236395,2355369.3,1735.9,1536.0,1216,2528,394.9,cudaLaunchKernel,"void at::native::vectorized_gather_kernel<(int)16, long>(char *, char *, T2 *, int, long, long, long, long, bool)"
0,426,420,1791693.3,10378.5,7742,11788743,2848716.8,6986.4,6193.5,4248,123664,7738.1,1808750.3,2392.5,103,11781503,2861516.2,1443.3,1504.0,800,2112,281.5,cudaLaunchKernel,"void at::native::elementwise_kernel<(int)128, (int)2, void at::native::gpu_kernel_impl_nocast<at::native::direct_copy_kernel_cuda(at::TensorIteratorBase &)::[lambda() (instance 3)]::operator ()() const::[lambda() (instance 3)]::operator ()() const::[lambda(int) (instance 1)]>(at::TensorIteratorBase &, const T1 &)::[lambda(int) (instance 1)]>(int, T3)"
0,128,127,612167.8,623158.0,39244,720472,80939.1,6134.4,5023.5,4479,39244,3848.8,609856.9,617510.0,387554,714912,63534.7,948.5,944.0,896,1088,29.2,cudaLaunchKernel,"void at::native::<unnamed>::CatArrayBatchedCopy_vectorized<at::native::<unnamed>::OpaqueType<(unsigned int)4>, unsigned int, (int)2, (int)128, (int)1, (int)16, (int)4>(char *, at::native::<unnamed>::CatArrInputTensorMetadata<T1, T2, T4, T5>, at::native::<unnamed>::TensorSizeStride<T2, (unsigned int)4>, int, T2)"
0,128,128,590779.7,606899.5,12597,704919,95286.3,5490.8,4519.0,4099,48590,4468.4,583840.8,600328.0,1647,699110,97637.4,1448.2,1440.0,1407,1536,20.6,cudaLaunchKernel,"void at::native::vectorized_elementwise_kernel<(int)4, at::native::cos_kernel_cuda(at::TensorIteratorBase &)::[lambda() (instance 2)]::operator ()() const::[lambda() (instance 2)]::operator ()() const::[lambda(float) (instance 1)], std::array<char *, (unsigned long)2>>(int, T2, T3)"
0,128,127,563064.0,580256.0,11496,679108,94685.3,4663.2,4058.5,3771,29623,2775.8,561376.3,575473.0,2609,673665,82456.3,1421.2,1408.0,1376,1568,29.1,cudaLaunchKernel,"void at::native::vectorized_elementwise_kernel<(int)4, at::native::sin_kernel_cuda(at::TensorIteratorBase &)::[lambda() (instance 2)]::operator ()() const::[lambda() (instance 2)]::operator ()() const::[lambda(float) (instance 1)], std::array<char *, (unsigned long)2>>(int, T2, T3)"
0,6762,6754,452347.3,80462.5,9291,16059161,1692869.5,5048.0,4605.0,3986,143047,2643.5,444477.5,72093.5,301,16052030,1693949.8,3350.5,3488.0,960,3776,571.2,cudaLaunchKernel,"void at::native::unrolled_elementwise_kernel<at::native::direct_copy_kernel_cuda(at::TensorIteratorBase &)::[lambda() (instance 3)]::operator ()() const::[lambda() (instance 7)]::operator ()() const::[lambda(float) (instance 1)], std::array<char *, (unsigned long)2>, (int)4, TrivialOffsetCalculator<(int)1, unsigned int>, TrivialOffsetCalculator<(int)1, unsigned int>, at::native::memory::LoadWithCast<(int)1>, at::native::memory::StoreWithCast<(int)1>>(int, T1, T2, T4, T5, T6, T7)"
0,232,223,235497.9,11670.0,9994,6053987,1064173.2,7168.3,6977.5,6300,14324,953.8,234649.6,2188.0,488,6038247,1083934.7,2808.6,2176.0,1920,9696,1625.5,cudaLaunchKernel,"void at::native::<unnamed>::indexSelectSmallIndex<c10::BFloat16, long, unsigned int, (int)2, (int)2, (int)-2>(at::cuda::detail::TensorInfo<T1, T3>, at::cuda::detail::TensorInfo<const T1, T3>, at::cuda::detail::TensorInfo<const T2, T3>, int, int, T3, long)"
0,3072,3068,156610.4,154495.0,150233,308151,12406.9,4559.0,4361.0,3668,53832,1639.0,4545.8,2592.0,308,159579,12493.8,147523.6,147389.0,142653,154397,1507.3,cuLaunchKernelEx,_paged_attention_kernel
0,6144,6137,68967.3,73053.0,57196,141836,10170.0,6141.2,5972.0,5222,52111,1516.2,12494.8,14635.0,345,85953,10243.8,50354.2,50335.0,49663,51359,252.5,cudaLaunchKernel,"void cutlass::device_kernel<at::cuda::detail::enable_3x_kernel_for_sm10_or_later<cutlass::gemm::kernel::GemmUniversal<cute::tuple<int, int, int>, cutlass::gemm::collective::CollectiveMma<cutlass::gemm::MainloopSm120TmaWarpSpecialized<(int)2, (int)2, cute::tuple<cute::C<(int)1>, cute::C<(int)1>, cute::C<(int)1>>, cutlass::gemm::KernelTmaWarpSpecializedCooperativeSm120<(int)2>>, cute::tuple<cute::C<(int)128>, cute::C<(int)128>, cute::C<(int)128>>, cutlass::float_e4m3_t, cute::tuple<long, cute::C<(int)1>, long>, cutlass::float_e4m3_t, cute::tuple<long, cute::C<(int)1>, long>, cute::TiledMMA<cute::MMA_Atom<cute::SM120_16x8x32_TN<cutlass::float_e4m3_t, cutlass::float_e4m3_t, float>>, cute::Layout<cute::tuple<cute::C<(int)4>, cute::C<(int)2>, cute::C<(int)1>>, cute::tuple<cute::C<(int)1>, cute::C<(int)4>, cute::C<(int)0>>>, cute::tuple<cute::C<(int)128>, cute::C<(int)32>, cute::C<(int)32>>>, cute::SM90_TMA_LOAD, cute::ComposedLayout<cute::Swizzle<(int)3, (int)4, (int)3>, cute::smem_ptr_flag_bits<(int)8>, cute::Layout<cute::tuple<cute::C<(int)8>, cute::C<(int)128>>, cute::tuple<cute::C<(int)128>, cute::C<(int)1>>>>, cute::Copy_Atom<cute::SM75_U32x4_LDSM_N, unsigned char>, cute::identity, cute::SM90_TMA_LOAD, cute::ComposedLayout<cute::Swizzle<(int)3, (int)4, (int)3>, cute::smem_ptr_flag_bits<(int)8>, cute::Layout<cute::tuple<cute::C<(int)8>, cute::C<(int)128>>, cute::tuple<cute::C<(int)128>, cute::C<(int)1>>>>, cute::Copy_Atom<cute::SM75_U32x4_LDSM_N, unsigned char>, cute::identity>, cutlass::epilogue::collective::CollectiveEpilogue<cutlass::epilogue::Sm90TmaWarpSpecialized<(int)2, (int)2, (int)4, (bool)0, (bool)1>, cute::tuple<cute::C<(int)128>, cute::C<(int)128>, cute::C<(int)128>>, cute::tuple<cute::C<(int)64>, cute::C<(int)32>>, void, cute::tuple<long, cute::C<(int)1>, long>, cutlass::bfloat16_t, cute::tuple<long, cute::C<(int)1>, long>, cutlass::epilogue::fusion::Sm90TreeVisitor<cutlass::epilogue::fusion::Sm90Compute<cutlass::epilogue::thread::Identity, cutlass::bfloat16_t, float, (cutlass::FloatRoundStyle)2, void>, cutlass::epilogue::fusion::Sm90TreeVisitor<cutlass::epilogue::fusion::Sm90Compute<cutlass::plus, float, float, (cutlass::FloatRoundStyle)2, void>, cutlass::epilogue::fusion::Sm90RowBroadcast<(int)0, cute::tuple<cute::C<(int)128>, cute::C<(int)128>, cute::C<(int)128>>, float, float, cute::tuple<cute::C<(int)0>, cute::C<(int)1>, cute::C<(int)0>>, (int)4, (bool)1>, cutlass::epilogue::fusion::Sm90TreeVisitor<cutlass::epilogue::fusion::Sm90Compute<cutlass::multiplies, float, float, (cutlass::FloatRoundStyle)2, void>, cutlass::epilogue::fusion::Sm90RowBroadcast<(int)0, cute::tuple<cute::C<(int)128>, cute::C<(int)128>, cute::C<(int)128>>, float, float, cute::tuple<cute::C<(int)0>, cute::C<(int)1>, cute::C<(int)0>>, (int)4, (bool)1>, cutlass::epilogue::fusion::Sm90TreeVisitor<cutlass::epilogue::fusion::Sm90Compute<cutlass::multiplies, float, float, (cutlass::FloatRoundStyle)2, void>, cutlass::epilogue::fusion::Sm90ColBroadcast<(int)0, cute::tuple<cute::C<(int)128>, cute::C<(int)128>, cute::C<(int)128>>, float, float, cute::tuple<cute::C<(int)1>, cute::C<(int)0>, cute::C<(int)0>>, (int)4, (bool)1>, cutlass::epilogue::fusion::Sm90AccFetch>>>>, cute::SM90_TMA_LOAD, cute::ComposedLayout<cute::Swizzle<(int)2, (int)4, (int)3>, cute::smem_ptr_flag_bits<(int)16>, cute::Layout<cute::tuple<cute::C<(int)8>, cute::C<(int)32>>, cute::tuple<cute::C<(int)32>, cute::C<(int)1>>>>, cute::SM75_U32x2_LDSM_N, cute::SM90_TMA_STORE, cute::ComposedLayout<cute::Swizzle<(int)2, (int)4, (int)3>, cute::smem_ptr_flag_bits<(int)16>, cute::Layout<cute::tuple<cute::C<(int)8>, cute::C<(int)32>>, cute::tuple<cute::C<(int)32>, cute::C<(int)1>>>>, cute::SM90_U32x2_STSM_N, cute::Copy_Atom<cute::SM90_U32x2_STSM_N, cutlass::half_t>, void>, void, void>>>(T1::Params)"
0,3072,3068,66271.8,66293.5,10165,127477,3610.0,4498.0,4321.0,3814,58425,1664.6,58818.0,58921.0,962,118211,3777.1,3035.7,3040.0,2848,3360,67.9,cudaLaunchKernel,"void at::native::vectorized_elementwise_kernel<(int)4, at::native::<unnamed>::silu_kernel(at::TensorIteratorBase &)::[lambda() (instance 1)]::operator ()() const::[lambda() (instance 6)]::operator ()() const::[lambda(c10::BFloat16) (instance 1)], std::array<char *, (unsigned long)2>>(int, T2, T3)"
0,3072,3069,59776.2,59969.0,9605,119174,3864.3,4137.1,4001.0,3545,44618,1193.6,52699.3,52910.0,300,112306,4048.4,2992.6,2976.0,2848,3264,52.4,cudaLaunchKernel,"void at::native::vectorized_elementwise_kernel<(int)4, at::native::BinaryFunctor<c10::BFloat16, c10::BFloat16, c10::BFloat16, at::native::binary_internal::MulFunctor<float>>, std::array<char *, (unsigned long)3>>(int, T2, T3)"
0,15360,15337,54158.9,23977.0,21867,563745,67848.1,6104.7,5908.0,5213,135873,2027.3,28897.6,2765.0,87,533776,68797.8,19207.3,15168.0,14848,36127,8086.7,cudaLaunchKernel,"void cutlass::device_kernel<at::cuda::detail::enable_3x_kernel_for_sm10_or_later<cutlass::gemm::kernel::GemmUniversal<cute::tuple<int, int, int>, cutlass::gemm::collective::CollectiveMma<cutlass::gemm::MainloopSm120TmaWarpSpecialized<(int)3, (int)2, cute::tuple<cute::C<(int)1>, cute::C<(int)1>, cute::C<(int)1>>, cutlass::gemm::KernelTmaWarpSpecializedPingpongSm120<(int)2>>, cute::tuple<cute::C<(int)64>, cute::C<(int)128>, cute::C<(int)128>>, cutlass::float_e4m3_t, cute::tuple<long, cute::C<(int)1>, long>, cutlass::float_e4m3_t, cute::tuple<long, cute::C<(int)1>, long>, cute::TiledMMA<cute::MMA_Atom<cute::SM120_16x8x32_TN<cutlass::float_e4m3_t, cutlass::float_e4m3_t, float>>, cute::Layout<cute::tuple<cute::C<(int)2>, cute::C<(int)2>, cute::C<(int)1>>, cute::tuple<cute::C<(int)1>, cute::C<(int)2>, cute::C<(int)0>>>, cute::tuple<cute::C<(int)64>, cute::C<(int)32>, cute::C<(int)32>>>, cute::SM90_TMA_LOAD, cute::ComposedLayout<cute::Swizzle<(int)3, (int)4, (int)3>, cute::smem_ptr_flag_bits<(int)8>, cute::Layout<cute::tuple<cute::C<(int)8>, cute::C<(int)128>>, cute::tuple<cute::C<(int)128>, cute::C<(int)1>>>>, cute::Copy_Atom<cute::SM75_U32x4_LDSM_N, unsigned char>, cute::identity, cute::SM90_TMA_LOAD, cute::ComposedLayout<cute::Swizzle<(int)3, (int)4, (int)3>, cute::smem_ptr_flag_bits<(int)8>, cute::Layout<cute::tuple<cute::C<(int)8>, cute::C<(int)128>>, cute::tuple<cute::C<(int)128>, cute::C<(int)1>>>>, cute::Copy_Atom<cute::SM75_U32x4_LDSM_N, unsigned char>, cute::identity>, cutlass::epilogue::collective::CollectiveEpilogue<cutlass::epilogue::Sm90TmaWarpSpecialized<(int)2, (int)2, (int)4, (bool)0, (bool)1>, cute::tuple<cute::C<(int)64>, cute::C<(int)128>, cute::C<(int)128>>, cute::tuple<cute::C<(int)64>, cute::C<(int)32>>, void, cute::tuple<long, cute::C<(int)1>, long>, cutlass::bfloat16_t, cute::tuple<long, cute::C<(int)1>, long>, cutlass::epilogue::fusion::Sm90TreeVisitor<cutlass::epilogue::fusion::Sm90Compute<cutlass::epilogue::thread::Identity, cutlass::bfloat16_t, float, (cutlass::FloatRoundStyle)2, void>, cutlass::epilogue::fusion::Sm90TreeVisitor<cutlass::epilogue::fusion::Sm90Compute<cutlass::plus, float, float, (cutlass::FloatRoundStyle)2, void>, cutlass::epilogue::fusion::Sm90RowBroadcast<(int)0, cute::tuple<cute::C<(int)64>, cute::C<(int)128>, cute::C<(int)128>>, float, float, cute::tuple<cute::C<(int)0>, cute::C<(int)1>, cute::C<(int)0>>, (int)4, (bool)1>, cutlass::epilogue::fusion::Sm90TreeVisitor<cutlass::epilogue::fusion::Sm90Compute<cutlass::multiplies, float, float, (cutlass::FloatRoundStyle)2, void>, cutlass::epilogue::fusion::Sm90RowBroadcast<(int)0, cute::tuple<cute::C<(int)64>, cute::C<(int)128>, cute::C<(int)128>>, float, float, cute::tuple<cute::C<(int)0>, cute::C<(int)1>, cute::C<(int)0>>, (int)4, (bool)1>, cutlass::epilogue::fusion::Sm90TreeVisitor<cutlass::epilogue::fusion::Sm90Compute<cutlass::multiplies, float, float, (cutlass::FloatRoundStyle)2, void>, cutlass::epilogue::fusion::Sm90ColBroadcast<(int)0, cute::tuple<cute::C<(int)64>, cute::C<(int)128>, cute::C<(int)128>>, float, float, cute::tuple<cute::C<(int)1>, cute::C<(int)0>, cute::C<(int)0>>, (int)4, (bool)1>, cutlass::epilogue::fusion::Sm90AccFetch>>>>, cute::SM90_TMA_LOAD, cute::ComposedLayout<cute::Swizzle<(int)2, (int)4, (int)3>, cute::smem_ptr_flag_bits<(int)16>, cute::Layout<cute::tuple<cute::C<(int)8>, cute::C<(int)32>>, cute::tuple<cute::C<(int)32>, cute::C<(int)1>>>>, cute::SM75_U32x2_LDSM_N, cute::SM90_TMA_STORE, cute::ComposedLayout<cute::Swizzle<(int)2, (int)4, (int)3>, cute::smem_ptr_flag_bits<(int)16>, cute::Layout<cute::tuple<cute::C<(int)8>, cute::C<(int)32>>, cute::tuple<cute::C<(int)32>, cute::C<(int)1>>>>, cute::SM90_U32x2_STSM_N, cute::Copy_Atom<cute::SM90_U32x2_STSM_N, cutlass::half_t>, void>, void, void>>>(T1::Params)"
0,6272,6261,51676.9,28227.5,7194,212399,30007.0,4362.0,4180.5,3537,79435,1950.4,45375.2,22178.0,135,205369,29847.1,2022.0,2016.0,1983,2304,20.2,cudaLaunchKernel,"void at::native::vectorized_elementwise_kernel<(int)4, void at::native::<unnamed>::pow_tensor_scalar_kernel_impl<float, float>(at::TensorIteratorBase &, T2)::[lambda(float) (instance 1)], std::array<char *, (unsigned long)2>>(int, T2, T3)"
0,12288,12276,49032.5,30439.5,7767,598616,64587.7,4111.4,3923.0,3237,93127,1732.7,41915.5,21238.0,103,591268,64918.7,3048.8,2752.0,1664,5088,1156.3,cuLaunchKernelEx,quantize_rows
0,6272,6258,44027.4,21486.5,9510,199870,28961.3,4365.0,4164.0,3549,75281,2109.1,35816.5,13548.0,86,191084,28926.8,3931.9,3936.0,3776,4032,30.7,cudaLaunchKernel,"void at::native::reduce_kernel<(int)512, (int)1, at::native::ReduceOp<float, at::native::MeanOps<float, float, float, float>, unsigned int, float, (int)4, (int)4>>(T3)"
0,6528,6520,42123.4,11957.5,6732,690602,108208.6,4155.8,3968.0,3417,73753,1904.0,36512.1,2915.0,74,685652,108369.2,1501.7,1536.0,768,1600,139.2,cudaLaunchKernel,"void at::native::vectorized_elementwise_kernel<(int)4, at::native::bfloat16_copy_kernel_cuda(at::TensorIteratorBase &)::[lambda(float) (instance 1)], std::array<char *, (unsigned long)2>>(int, T2, T3)"
0,6400,6392,39730.4,10649.5,8095,737816,87548.7,4288.2,4067.0,3576,68715,1749.8,32571.6,2896.0,112,731338,87545.8,2914.1,2944.0,1184,3040,238.5,cudaLaunchKernel,"void at::native::elementwise_kernel<(int)128, (int)2, void at::native::gpu_kernel_impl_nocast<at::native::BinaryFunctor<float, float, float, at::native::binary_internal::MulFunctor<float>>>(at::TensorIteratorBase &, const T1 &)::[lambda(int) (instance 1)]>(int, T3)"
0,6272,6263,34301.3,12398.5,6045,185265,27919.3,4035.1,3870.5,3317,103689,1728.7,29361.7,7319.0,72,179808,27946.8,947.8,960.0,895,1024,19.3,cudaLaunchKernel,"void at::native::vectorized_elementwise_kernel<(int)4, at::native::CUDAFunctorOnSelf_add<float>, std::array<char *, (unsigned long)2>>(int, T2, T3)"
0,971,959,33277.3,13599.0,8947,114571,30659.0,7644.4,7396.0,4252,93717,3496.3,22401.9,2727.0,56,102973,29758.1,3522.5,2912.0,1856,8736,1354.1,cuLaunchKernelEx,metadata_kernel
0,6272,6260,29864.9,8181.5,6142,174437,23995.5,4190.6,4009.0,3549,49708,1560.6,24771.0,2837.5,299,168879,23998.1,952.4,960.0,895,992,19.2,cudaLaunchKernel,"void at::native::vectorized_elementwise_kernel<(int)4, at::native::rsqrt_kernel_cuda(at::TensorIteratorBase &)::[lambda() (instance 2)]::operator ()() const::[lambda() (instance 2)]::operator ()() const::[lambda(float) (instance 1)], std::array<char *, (unsigned long)2>>(int, T2, T3)"
0,6144,6137,24624.3,11162.0,9659,468808,66650.6,4778.4,4520.5,3785,454031,5980.5,15761.4,2546.0,71,459752,66357.0,4106.5,4096.0,3999,4384,63.4,cudaLaunchKernel,"void at::native::<unnamed>::CatArrayBatchedCopy<at::native::<unnamed>::OpaqueType<(unsigned int)2>, unsigned int, (int)3, (int)64, (int)64>(T1 *, at::native::<unnamed>::CatArrInputTensorMetadata<T1, T2, T4, T5>, at::native::<unnamed>::TensorSizeStride<T2, (unsigned int)4>, int, T2)"
0,6144,6131,23851.4,13870.0,10243,387512,51246.9,4760.7,4615.0,3769,90585,2173.3,12626.2,2574.0,186,373809,51141.3,6498.8,5072.0,4671,9568,1844.6,cudaLaunchKernel,"void at::native::index_elementwise_kernel<(int)128, (int)4, void at::native::gpu_index_kernel<void at::native::index_put_kernel_impl<at::native::OpaqueType<(int)2>>(at::TensorIterator &, c10::ArrayRef<long>, c10::ArrayRef<long>)::[lambda(char *, const char *, long) (instance 1)]>(at::TensorIteratorBase &, c10::ArrayRef<long>, c10::ArrayRef<long>, const T1 &, bool)::[lambda(int) (instance 1)]>(long, T3)"
0,6144,6131,22291.5,8557.0,6930,477354,68179.1,4269.3,4107.0,3470,65832,1625.3,16182.7,2562.0,21,471193,68207.6,1876.7,1887.0,1792,2144,39.8,cudaLaunchKernel,"void at::native::elementwise_kernel<(int)128, (int)4, void at::native::gpu_kernel_impl_nocast<at::native::neg_kernel_cuda(at::TensorIteratorBase &)::[lambda() (instance 2)]::operator ()() const::[lambda() (instance 9)]::operator ()() const::[lambda(c10::BFloat16) (instance 1)]>(at::TensorIteratorBase &, const T1 &)::[lambda(int) (instance 1)]>(int, T3)"
0,18560,18531,22091.2,9833.0,7857,495449,55890.2,4205.6,4017.0,3426,74039,1693.6,14864.4,2649.0,88,488260,55943.9,3047.4,3103.0,2688,3904,255.2,cudaLaunchKernel,"void at::native::elementwise_kernel<(int)128, (int)4, void at::native::gpu_kernel_impl_nocast<at::native::BinaryFunctor<c10::BFloat16, c10::BFloat16, c10::BFloat16, at::native::binary_internal::MulFunctor<float>>>(at::TensorIteratorBase &, const T1 &)::[lambda(int) (instance 1)]>(int, T3)"
0,12288,12268,17868.0,8016.0,6499,2869931,52563.4,4229.1,3822.0,3235,2868108,25887.7,12134.3,2638.0,177,446100,45801.1,1526.5,1536.0,1471,1632,23.3,cudaLaunchKernel,"void at::native::vectorized_elementwise_kernel<(int)4, at::native::CUDAFunctor_add<c10::BFloat16>, std::array<char *, (unsigned long)3>>(int, T2, T3)"
0,128,128,11036.3,10543.0,9302,66481,4966.6,5912.7,5310.0,4769,63251,5139.7,2223.7,2288.0,382,2863,369.3,2900.0,2880.0,2752,3232,93.6,cudaLaunchKernel,"std::enable_if<!T7, void>::type internal::gemvx::kernel<int, int, __nv_bfloat16, __nv_bfloat16, __nv_bfloat16, float, (bool)0, (bool)1, (bool)1, (bool)0, (int)7, (bool)0, cublasGemvParamsEx<int, cublasGemvTensorStridedBatched<const __nv_bfloat16>, cublasGemvTensorStridedBatched<const __nv_bfloat16>, cublasGemvTensorStridedBatched<__nv_bfloat16>, float>>(T13)"
0,128,127,8898.4,8346.5,7092,70836,5536.8,5209.7,4573.0,4129,70836,5868.9,2414.1,2468.0,1195,2803,301.8,1303.7,1296.0,1248,1440,36.8,cudaLaunchKernel,"void at::native::elementwise_kernel<(int)128, (int)4, void at::native::gpu_kernel_impl_nocast<at::native::direct_copy_kernel_cuda(at::TensorIteratorBase &)::[lambda() (instance 3)]::operator ()() const::[lambda() (instance 12)]::operator ()() const::[lambda(c10::BFloat16) (instance 1)]>(at::TensorIteratorBase &, const T1 &)::[lambda(int) (instance 1)]>(int, T3)"
